Match URL,Home Team,Away Team
https://fbref.com/en/matches/3a6836b4/Burnley-Manchester-City-August-11-2023-Premier-League,Burnley,Manchester City
https://fbref.com/en/matches/26a7f90c/Arsenal-Nottingham-Forest-August-12-2023-Premier-League,Arsenal,Nott'ham Forest
https://fbref.com/en/matches/15addfc7/Everton-Fulham-August-12-2023-Premier-League,Everton,Fulham
https://fbref.com/en/matches/55fd92c7/Sheffield-United-Crystal-Palace-August-12-2023-Premier-League,Sheffield Utd,Crystal Palace
https://fbref.com/en/matches/56a137f7/Brighton-and-Hove-Albion-Luton-Town-August-12-2023-Premier-League,Brighton,Luton Town
https://fbref.com/en/matches/d6bbf293/Bournemouth-West-Ham-United-August-12-2023-Premier-League,Bournemouth,West Ham
https://fbref.com/en/matches/8ff2f8fe/Newcastle-United-Aston-Villa-August-12-2023-Premier-League,Newcastle Utd,Aston Villa
https://fbref.com/en/matches/67ed3ba2/Brentford-Tottenham-Hotspur-August-13-2023-Premier-League,Brentford,Tottenham
https://fbref.com/en/matches/c18d3207/Chelsea-Liverpool-August-13-2023-Premier-League,Chelsea,Liverpool
https://fbref.com/en/matches/f1ecda2c/Manchester-United-Wolverhampton-Wanderers-August-14-2023-Premier-League,Manchester Utd,Wolves
https://fbref.com/en/matches/a0a93f71/Nottingham-Forest-Sheffield-United-August-18-2023-Premier-League,Nott'ham Forest,Sheffield Utd
https://fbref.com/en/matches/46be83af/Fulham-Brentford-August-19-2023-Premier-League,Fulham,Brentford
https://fbref.com/en/matches/80bebdbb/Liverpool-Bournemouth-August-19-2023-Premier-League,Liverpool,Bournemouth
https://fbref.com/en/matches/d7c606ec/Wolverhampton-Wanderers-Brighton-and-Hove-Albion-August-19-2023-Premier-League,Wolves,Brighton
https://fbref.com/en/matches/4bb62251/Tottenham-Hotspur-Manchester-United-August-19-2023-Premier-League,Tottenham,Manchester Utd
https://fbref.com/en/matches/0b8f50a5/Manchester-City-Newcastle-United-August-19-2023-Premier-League,Manchester City,Newcastle Utd
https://fbref.com/en/matches/959b558d/Aston-Villa-Everton-August-20-2023-Premier-League,Aston Villa,Everton
https://fbref.com/en/matches/44b9a07c/West-Ham-United-Chelsea-August-20-2023-Premier-League,West Ham,Chelsea
https://fbref.com/en/matches/3b5ecd36/Crystal-Palace-Arsenal-August-21-2023-Premier-League,Crystal Palace,Arsenal
https://fbref.com/en/matches/6bfb9dc0/Chelsea-Luton-Town-August-25-2023-Premier-League,Chelsea,Luton Town
https://fbref.com/en/matches/f49c4ad2/Bournemouth-Tottenham-Hotspur-August-26-2023-Premier-League,Bournemouth,Tottenham
https://fbref.com/en/matches/18dfee28/Everton-Wolverhampton-Wanderers-August-26-2023-Premier-League,Everton,Wolves
https://fbref.com/en/matches/537b2b0b/Brentford-Crystal-Palace-August-26-2023-Premier-League,Brentford,Crystal Palace
https://fbref.com/en/matches/70d9b1ab/Manchester-United-Nottingham-Forest-August-26-2023-Premier-League,Manchester Utd,Nott'ham Forest
https://fbref.com/en/matches/d8f8f8ad/Arsenal-Fulham-August-26-2023-Premier-League,Arsenal,Fulham
https://fbref.com/en/matches/ba68d60c/Brighton-and-Hove-Albion-West-Ham-United-August-26-2023-Premier-League,Brighton,West Ham
https://fbref.com/en/matches/0844ff10/Sheffield-United-Manchester-City-August-27-2023-Premier-League,Sheffield Utd,Manchester City
https://fbref.com/en/matches/b66a7def/Burnley-Aston-Villa-August-27-2023-Premier-League,Burnley,Aston Villa
https://fbref.com/en/matches/b31156ab/Newcastle-United-Liverpool-August-27-2023-Premier-League,Newcastle Utd,Liverpool
https://fbref.com/en/matches/e929e225/Luton-Town-West-Ham-United-September-1-2023-Premier-League,Luton Town,West Ham
https://fbref.com/en/matches/87b46bb9/Sheffield-United-Everton-September-2-2023-Premier-League,Sheffield Utd,Everton
https://fbref.com/en/matches/44e89d37/Chelsea-Nottingham-Forest-September-2-2023-Premier-League,Chelsea,Nott'ham Forest
https://fbref.com/en/matches/88066bdf/Manchester-City-Fulham-September-2-2023-Premier-League,Manchester City,Fulham
https://fbref.com/en/matches/e2946b10/Brentford-Bournemouth-September-2-2023-Premier-League,Brentford,Bournemouth
https://fbref.com/en/matches/f1786fb8/Burnley-Tottenham-Hotspur-September-2-2023-Premier-League,Burnley,Tottenham
https://fbref.com/en/matches/4f754e0a/Brighton-and-Hove-Albion-Newcastle-United-September-2-2023-Premier-League,Brighton,Newcastle Utd
https://fbref.com/en/matches/bdbc722e/Liverpool-Aston-Villa-September-3-2023-Premier-League,Liverpool,Aston Villa
https://fbref.com/en/matches/f9436d32/Crystal-Palace-Wolverhampton-Wanderers-September-3-2023-Premier-League,Crystal Palace,Wolves
https://fbref.com/en/matches/74125d47/Arsenal-Manchester-United-September-3-2023-Premier-League,Arsenal,Manchester Utd
https://fbref.com/en/matches/38daebd2/Wolverhampton-Wanderers-Liverpool-September-16-2023-Premier-League,Wolves,Liverpool
https://fbref.com/en/matches/48b1bdc7/Fulham-Luton-Town-September-16-2023-Premier-League,Fulham,Luton Town
https://fbref.com/en/matches/64c0a6e2/West-Ham-United-Manchester-City-September-16-2023-Premier-League,West Ham,Manchester City
https://fbref.com/en/matches/bc77340e/Aston-Villa-Crystal-Palace-September-16-2023-Premier-League,Aston Villa,Crystal Palace
https://fbref.com/en/matches/ddcf2857/Manchester-United-Brighton-and-Hove-Albion-September-16-2023-Premier-League,Manchester Utd,Brighton
https://fbref.com/en/matches/e56e96e1/Tottenham-Hotspur-Sheffield-United-September-16-2023-Premier-League,Tottenham,Sheffield Utd
https://fbref.com/en/matches/71b7e5e2/Newcastle-United-Brentford-September-16-2023-Premier-League,Newcastle Utd,Brentford
https://fbref.com/en/matches/be0cbf88/Bournemouth-Chelsea-September-17-2023-Premier-League,Bournemouth,Chelsea
https://fbref.com/en/matches/b1278924/Everton-Arsenal-September-17-2023-Premier-League,Everton,Arsenal
https://fbref.com/en/matches/ad7ecfad/Nottingham-Forest-Burnley-September-18-2023-Premier-League,Nott'ham Forest,Burnley
https://fbref.com/en/matches/5dc7e234/Manchester-City-Nottingham-Forest-September-23-2023-Premier-League,Manchester City,Nott'ham Forest
https://fbref.com/en/matches/76a1421e/Luton-Town-Wolverhampton-Wanderers-September-23-2023-Premier-League,Luton Town,Wolves
https://fbref.com/en/matches/cf0b2b19/Crystal-Palace-Fulham-September-23-2023-Premier-League,Crystal Palace,Fulham
https://fbref.com/en/matches/96681b93/Brentford-Everton-September-23-2023-Premier-League,Brentford,Everton
https://fbref.com/en/matches/8e26793d/Burnley-Manchester-United-September-23-2023-Premier-League,Burnley,Manchester Utd
https://fbref.com/en/matches/08947a10/North-London-Derby-Arsenal-Tottenham-Hotspur-September-24-2023-Premier-League,Arsenal,Tottenham
https://fbref.com/en/matches/5593f16c/Brighton-and-Hove-Albion-Bournemouth-September-24-2023-Premier-League,Brighton,Bournemouth
https://fbref.com/en/matches/7d2c5e05/Chelsea-Aston-Villa-September-24-2023-Premier-League,Chelsea,Aston Villa
https://fbref.com/en/matches/90adf8b3/Liverpool-West-Ham-United-September-24-2023-Premier-League,Liverpool,West Ham
https://fbref.com/en/matches/cf4fef85/Sheffield-United-Newcastle-United-September-24-2023-Premier-League,Sheffield Utd,Newcastle Utd
https://fbref.com/en/matches/2df9a3a1/Aston-Villa-Brighton-and-Hove-Albion-September-30-2023-Premier-League,Aston Villa,Brighton
https://fbref.com/en/matches/60ce29cd/Wolverhampton-Wanderers-Manchester-City-September-30-2023-Premier-League,Wolves,Manchester City
https://fbref.com/en/matches/8de4aca0/Bournemouth-Arsenal-September-30-2023-Premier-League,Bournemouth,Arsenal
https://fbref.com/en/matches/921d5f17/Everton-Luton-Town-September-30-2023-Premier-League,Everton,Luton Town
https://fbref.com/en/matches/a79ff136/Newcastle-United-Burnley-September-30-2023-Premier-League,Newcastle Utd,Burnley
https://fbref.com/en/matches/b82be6d7/West-Ham-United-Sheffield-United-September-30-2023-Premier-League,West Ham,Sheffield Utd
https://fbref.com/en/matches/ef2b7ab9/Manchester-United-Crystal-Palace-September-30-2023-Premier-League,Manchester Utd,Crystal Palace
https://fbref.com/en/matches/ec4145b4/Tottenham-Hotspur-Liverpool-September-30-2023-Premier-League,Tottenham,Liverpool
https://fbref.com/en/matches/923467c5/Nottingham-Forest-Brentford-October-1-2023-Premier-League,Nott'ham Forest,Brentford
https://fbref.com/en/matches/c9787e60/Fulham-Chelsea-October-2-2023-Premier-League,Fulham,Chelsea
https://fbref.com/en/matches/4f7b3f27/Luton-Town-Burnley-October-3-2023-Premier-League,Luton Town,Burnley
https://fbref.com/en/matches/d021f28f/Luton-Town-Tottenham-Hotspur-October-7-2023-Premier-League,Luton Town,Tottenham
https://fbref.com/en/matches/497b9558/Everton-Bournemouth-October-7-2023-Premier-League,Everton,Bournemouth
https://fbref.com/en/matches/5006142a/Manchester-United-Brentford-October-7-2023-Premier-League,Manchester Utd,Brentford
https://fbref.com/en/matches/cfd83ca3/Burnley-Chelsea-October-7-2023-Premier-League,Burnley,Chelsea
https://fbref.com/en/matches/ffc59ea8/Fulham-Sheffield-United-October-7-2023-Premier-League,Fulham,Sheffield Utd
https://fbref.com/en/matches/1828106c/Crystal-Palace-Nottingham-Forest-October-7-2023-Premier-League,Crystal Palace,Nott'ham Forest
https://fbref.com/en/matches/017c9ca5/West-Ham-United-Newcastle-United-October-8-2023-Premier-League,West Ham,Newcastle Utd
https://fbref.com/en/matches/3292ed35/Wolverhampton-Wanderers-Aston-Villa-October-8-2023-Premier-League,Wolves,Aston Villa
https://fbref.com/en/matches/3b1ec657/Brighton-and-Hove-Albion-Liverpool-October-8-2023-Premier-League,Brighton,Liverpool
https://fbref.com/en/matches/59cd18ae/Arsenal-Manchester-City-October-8-2023-Premier-League,Arsenal,Manchester City
https://fbref.com/en/matches/e747ddb3/Merseyside-Derby-Liverpool-Everton-October-21-2023-Premier-League,Liverpool,Everton
https://fbref.com/en/matches/007b352e/Bournemouth-Wolverhampton-Wanderers-October-21-2023-Premier-League,Bournemouth,Wolves
https://fbref.com/en/matches/21625dde/Newcastle-United-Crystal-Palace-October-21-2023-Premier-League,Newcastle Utd,Crystal Palace
https://fbref.com/en/matches/52781f37/Brentford-Burnley-October-21-2023-Premier-League,Brentford,Burnley
https://fbref.com/en/matches/b782a834/Manchester-City-Brighton-and-Hove-Albion-October-21-2023-Premier-League,Manchester City,Brighton
https://fbref.com/en/matches/d1671efa/Nottingham-Forest-Luton-Town-October-21-2023-Premier-League,Nott'ham Forest,Luton Town
https://fbref.com/en/matches/a1c336e2/North-West-London-Derby-Chelsea-Arsenal-October-21-2023-Premier-League,Chelsea,Arsenal
https://fbref.com/en/matches/d95b42eb/Sheffield-United-Manchester-United-October-21-2023-Premier-League,Sheffield Utd,Manchester Utd
https://fbref.com/en/matches/7efcc598/Aston-Villa-West-Ham-United-October-22-2023-Premier-League,Aston Villa,West Ham
https://fbref.com/en/matches/8c6293a3/Tottenham-Hotspur-Fulham-October-23-2023-Premier-League,Tottenham,Fulham
https://fbref.com/en/matches/6b0aa474/Crystal-Palace-Tottenham-Hotspur-October-27-2023-Premier-League,Crystal Palace,Tottenham
https://fbref.com/en/matches/91e3b922/Chelsea-Brentford-October-28-2023-Premier-League,Chelsea,Brentford
https://fbref.com/en/matches/c4c42d3e/Bournemouth-Burnley-October-28-2023-Premier-League,Bournemouth,Burnley
https://fbref.com/en/matches/d498f918/Arsenal-Sheffield-United-October-28-2023-Premier-League,Arsenal,Sheffield Utd
https://fbref.com/en/matches/b84d060a/Wolverhampton-Wanderers-Newcastle-United-October-28-2023-Premier-League,Wolves,Newcastle Utd
https://fbref.com/en/matches/868a89be/West-Ham-United-Everton-October-29-2023-Premier-League,West Ham,Everton
https://fbref.com/en/matches/79bf0c7f/Liverpool-Nottingham-Forest-October-29-2023-Premier-League,Liverpool,Nott'ham Forest
https://fbref.com/en/matches/a0c422e9/Brighton-and-Hove-Albion-Fulham-October-29-2023-Premier-League,Brighton,Fulham
https://fbref.com/en/matches/ee677172/Aston-Villa-Luton-Town-October-29-2023-Premier-League,Aston Villa,Luton Town
https://fbref.com/en/matches/f6bfec82/Manchester-Derby-Manchester-United-Manchester-City-October-29-2023-Premier-League,Manchester Utd,Manchester City
https://fbref.com/en/matches/31273be0/Fulham-Manchester-United-November-4-2023-Premier-League,Fulham,Manchester Utd
https://fbref.com/en/matches/3235dd6e/Brentford-West-Ham-United-November-4-2023-Premier-League,Brentford,West Ham
https://fbref.com/en/matches/6ecb53ac/Everton-Brighton-and-Hove-Albion-November-4-2023-Premier-League,Everton,Brighton
https://fbref.com/en/matches/8797f9a9/Burnley-Crystal-Palace-November-4-2023-Premier-League,Burnley,Crystal Palace
https://fbref.com/en/matches/e75a870b/Manchester-City-Bournemouth-November-4-2023-Premier-League,Manchester City,Bournemouth
https://fbref.com/en/matches/e841bbac/Sheffield-United-Wolverhampton-Wanderers-November-4-2023-Premier-League,Sheffield Utd,Wolves
https://fbref.com/en/matches/6096abaa/Newcastle-United-Arsenal-November-4-2023-Premier-League,Newcastle Utd,Arsenal
https://fbref.com/en/matches/ac18f108/Nottingham-Forest-Aston-Villa-November-5-2023-Premier-League,Nott'ham Forest,Aston Villa
https://fbref.com/en/matches/a62b97ba/Luton-Town-Liverpool-November-5-2023-Premier-League,Luton Town,Liverpool
https://fbref.com/en/matches/478e4eb3/Tottenham-Hotspur-Chelsea-November-6-2023-Premier-League,Tottenham,Chelsea
https://fbref.com/en/matches/1634f066/Wolverhampton-Wanderers-Tottenham-Hotspur-November-11-2023-Premier-League,Wolves,Tottenham
https://fbref.com/en/matches/2cb4e4dc/Arsenal-Burnley-November-11-2023-Premier-League,Arsenal,Burnley
https://fbref.com/en/matches/4b9f3f25/Manchester-United-Luton-Town-November-11-2023-Premier-League,Manchester Utd,Luton Town
https://fbref.com/en/matches/a4795b68/Crystal-Palace-Everton-November-11-2023-Premier-League,Crystal Palace,Everton
https://fbref.com/en/matches/641024cf/Bournemouth-Newcastle-United-November-11-2023-Premier-League,Bournemouth,Newcastle Utd
https://fbref.com/en/matches/76b8e568/West-Ham-United-Nottingham-Forest-November-12-2023-Premier-League,West Ham,Nott'ham Forest
https://fbref.com/en/matches/996ee990/Liverpool-Brentford-November-12-2023-Premier-League,Liverpool,Brentford
https://fbref.com/en/matches/d6a70a44/Aston-Villa-Fulham-November-12-2023-Premier-League,Aston Villa,Fulham
https://fbref.com/en/matches/ebf41e41/Brighton-and-Hove-Albion-Sheffield-United-November-12-2023-Premier-League,Brighton,Sheffield Utd
https://fbref.com/en/matches/53bb8f30/Chelsea-Manchester-City-November-12-2023-Premier-League,Chelsea,Manchester City
https://fbref.com/en/matches/5d4a5006/Manchester-City-Liverpool-November-25-2023-Premier-League,Manchester City,Liverpool
https://fbref.com/en/matches/36a64522/Burnley-West-Ham-United-November-25-2023-Premier-League,Burnley,West Ham
https://fbref.com/en/matches/36be5cee/Nottingham-Forest-Brighton-and-Hove-Albion-November-25-2023-Premier-League,Nott'ham Forest,Brighton
https://fbref.com/en/matches/799a2c04/Sheffield-United-Bournemouth-November-25-2023-Premier-League,Sheffield Utd,Bournemouth
https://fbref.com/en/matches/8c8f48f4/Newcastle-United-Chelsea-November-25-2023-Premier-League,Newcastle Utd,Chelsea
https://fbref.com/en/matches/f4805536/Luton-Town-Crystal-Palace-November-25-2023-Premier-League,Luton Town,Crystal Palace
https://fbref.com/en/matches/626c6561/Brentford-Arsenal-November-25-2023-Premier-League,Brentford,Arsenal
https://fbref.com/en/matches/83db7754/Tottenham-Hotspur-Aston-Villa-November-26-2023-Premier-League,Tottenham,Aston Villa
https://fbref.com/en/matches/f82a83dd/Everton-Manchester-United-November-26-2023-Premier-League,Everton,Manchester Utd
https://fbref.com/en/matches/b19cc422/Fulham-Wolverhampton-Wanderers-November-27-2023-Premier-League,Fulham,Wolves
https://fbref.com/en/matches/0f71f535/Brentford-Luton-Town-December-2-2023-Premier-League,Brentford,Luton Town
https://fbref.com/en/matches/6e65df8e/Arsenal-Wolverhampton-Wanderers-December-2-2023-Premier-League,Arsenal,Wolves
https://fbref.com/en/matches/e2c53b0a/Burnley-Sheffield-United-December-2-2023-Premier-League,Burnley,Sheffield Utd
https://fbref.com/en/matches/0486198b/Nottingham-Forest-Everton-December-2-2023-Premier-League,Nott'ham Forest,Everton
https://fbref.com/en/matches/66a1f3ac/Newcastle-United-Manchester-United-December-2-2023-Premier-League,Newcastle Utd,Manchester Utd
https://fbref.com/en/matches/19533403/Bournemouth-Aston-Villa-December-3-2023-Premier-League,Bournemouth,Aston Villa
https://fbref.com/en/matches/4b7e6f44/Liverpool-Fulham-December-3-2023-Premier-League,Liverpool,Fulham
https://fbref.com/en/matches/86b7d24f/Chelsea-Brighton-and-Hove-Albion-December-3-2023-Premier-League,Chelsea,Brighton
https://fbref.com/en/matches/f7fb8049/West-Ham-United-Crystal-Palace-December-3-2023-Premier-League,West Ham,Crystal Palace
https://fbref.com/en/matches/0e39f016/Manchester-City-Tottenham-Hotspur-December-3-2023-Premier-League,Manchester City,Tottenham
https://fbref.com/en/matches/a52ffb27/Wolverhampton-Wanderers-Burnley-December-5-2023-Premier-League,Wolves,Burnley
https://fbref.com/en/matches/dd3a5afc/Luton-Town-Arsenal-December-5-2023-Premier-League,Luton Town,Arsenal
https://fbref.com/en/matches/01aca132/Sheffield-United-Liverpool-December-6-2023-Premier-League,Sheffield Utd,Liverpool
https://fbref.com/en/matches/09909bf8/Crystal-Palace-Bournemouth-December-6-2023-Premier-League,Crystal Palace,Bournemouth
https://fbref.com/en/matches/75d21da8/Brighton-and-Hove-Albion-Brentford-December-6-2023-Premier-League,Brighton,Brentford
https://fbref.com/en/matches/fd5606da/Fulham-Nottingham-Forest-December-6-2023-Premier-League,Fulham,Nott'ham Forest
https://fbref.com/en/matches/0ad90506/Aston-Villa-Manchester-City-December-6-2023-Premier-League,Aston Villa,Manchester City
https://fbref.com/en/matches/49f486f6/Manchester-United-Chelsea-December-6-2023-Premier-League,Manchester Utd,Chelsea
https://fbref.com/en/matches/2fe9d766/Everton-Newcastle-United-December-7-2023-Premier-League,Everton,Newcastle Utd
https://fbref.com/en/matches/200af033/Tottenham-Hotspur-West-Ham-United-December-7-2023-Premier-League,Tottenham,West Ham
https://fbref.com/en/matches/a1b18af3/Crystal-Palace-Liverpool-December-9-2023-Premier-League,Crystal Palace,Liverpool
https://fbref.com/en/matches/0760a568/Manchester-United-Bournemouth-December-9-2023-Premier-League,Manchester Utd,Bournemouth
https://fbref.com/en/matches/8c8fdba5/Wolverhampton-Wanderers-Nottingham-Forest-December-9-2023-Premier-League,Wolves,Nott'ham Forest
https://fbref.com/en/matches/ab18fa97/Brighton-and-Hove-Albion-Burnley-December-9-2023-Premier-League,Brighton,Burnley
https://fbref.com/en/matches/e268f518/Sheffield-United-Brentford-December-9-2023-Premier-League,Sheffield Utd,Brentford
https://fbref.com/en/matches/8cf29e50/Aston-Villa-Arsenal-December-9-2023-Premier-League,Aston Villa,Arsenal
https://fbref.com/en/matches/953b5f9b/Everton-Chelsea-December-10-2023-Premier-League,Everton,Chelsea
https://fbref.com/en/matches/d3dd23fb/Fulham-West-Ham-United-December-10-2023-Premier-League,Fulham,West Ham
https://fbref.com/en/matches/f6155857/Luton-Town-Manchester-City-December-10-2023-Premier-League,Luton Town,Manchester City
https://fbref.com/en/matches/be6d1aac/Tottenham-Hotspur-Newcastle-United-December-10-2023-Premier-League,Tottenham,Newcastle Utd
https://fbref.com/en/matches/4d9f1a71/Nottingham-Forest-Tottenham-Hotspur-December-15-2023-Premier-League,Nott'ham Forest,Tottenham
https://fbref.com/en/matches/30f3e1ee/Manchester-City-Crystal-Palace-December-16-2023-Premier-League,Manchester City,Crystal Palace
https://fbref.com/en/matches/3bbbaf15/Chelsea-Sheffield-United-December-16-2023-Premier-League,Chelsea,Sheffield Utd
https://fbref.com/en/matches/5db0f25b/Newcastle-United-Fulham-December-16-2023-Premier-League,Newcastle Utd,Fulham
https://fbref.com/en/matches/01904d1d/Burnley-Everton-December-16-2023-Premier-League,Burnley,Everton
https://fbref.com/en/matches/4a3af0ab/Brentford-Aston-Villa-December-17-2023-Premier-League,Brentford,Aston Villa
https://fbref.com/en/matches/5f5bc7b3/West-Ham-United-Wolverhampton-Wanderers-December-17-2023-Premier-League,West Ham,Wolves
https://fbref.com/en/matches/e3a46a4e/Arsenal-Brighton-and-Hove-Albion-December-17-2023-Premier-League,Arsenal,Brighton
https://fbref.com/en/matches/18e98d77/North-West-Derby-Liverpool-Manchester-United-December-17-2023-Premier-League,Liverpool,Manchester Utd
https://fbref.com/en/matches/7340be7a/Crystal-Palace-Brighton-and-Hove-Albion-December-21-2023-Premier-League,Crystal Palace,Brighton
https://fbref.com/en/matches/37916998/Aston-Villa-Sheffield-United-December-22-2023-Premier-League,Aston Villa,Sheffield Utd
https://fbref.com/en/matches/328777ed/West-Ham-United-Manchester-United-December-23-2023-Premier-League,West Ham,Manchester Utd
https://fbref.com/en/matches/46bfb645/Luton-Town-Newcastle-United-December-23-2023-Premier-League,Luton Town,Newcastle Utd
https://fbref.com/en/matches/7dd3c51a/Fulham-Burnley-December-23-2023-Premier-League,Fulham,Burnley
https://fbref.com/en/matches/849071fe/Tottenham-Hotspur-Everton-December-23-2023-Premier-League,Tottenham,Everton
https://fbref.com/en/matches/c5548935/Nottingham-Forest-Bournemouth-December-23-2023-Premier-League,Nott'ham Forest,Bournemouth
https://fbref.com/en/matches/bfbfbbe8/Liverpool-Arsenal-December-23-2023-Premier-League,Liverpool,Arsenal
https://fbref.com/en/matches/8c0b314c/Wolverhampton-Wanderers-Chelsea-December-24-2023-Premier-League,Wolves,Chelsea
https://fbref.com/en/matches/f22a20f0/Newcastle-United-Nottingham-Forest-December-26-2023-Premier-League,Newcastle Utd,Nott'ham Forest
https://fbref.com/en/matches/331c942d/Bournemouth-Fulham-December-26-2023-Premier-League,Bournemouth,Fulham
https://fbref.com/en/matches/6269b2e3/Sheffield-United-Luton-Town-December-26-2023-Premier-League,Sheffield Utd,Luton Town
https://fbref.com/en/matches/c0904954/Burnley-Liverpool-December-26-2023-Premier-League,Burnley,Liverpool
https://fbref.com/en/matches/83709fdf/Manchester-United-Aston-Villa-December-26-2023-Premier-League,Manchester Utd,Aston Villa
https://fbref.com/en/matches/2bfb6552/Chelsea-Crystal-Palace-December-27-2023-Premier-League,Chelsea,Crystal Palace
https://fbref.com/en/matches/ea28d527/Brentford-Wolverhampton-Wanderers-December-27-2023-Premier-League,Brentford,Wolves
https://fbref.com/en/matches/b9f69f01/Everton-Manchester-City-December-27-2023-Premier-League,Everton,Manchester City
https://fbref.com/en/matches/3e2e9248/Brighton-and-Hove-Albion-Tottenham-Hotspur-December-28-2023-Premier-League,Brighton,Tottenham
https://fbref.com/en/matches/ba570015/Arsenal-West-Ham-United-December-28-2023-Premier-League,Arsenal,West Ham
https://fbref.com/en/matches/8e04572c/Luton-Town-Chelsea-December-30-2023-Premier-League,Luton Town,Chelsea
https://fbref.com/en/matches/2828c5bc/Aston-Villa-Burnley-December-30-2023-Premier-League,Aston Villa,Burnley
https://fbref.com/en/matches/7dfc59ca/Wolverhampton-Wanderers-Everton-December-30-2023-Premier-League,Wolves,Everton
https://fbref.com/en/matches/aefd7405/Manchester-City-Sheffield-United-December-30-2023-Premier-League,Manchester City,Sheffield Utd
https://fbref.com/en/matches/e9d5dd9b/Crystal-Palace-Brentford-December-30-2023-Premier-League,Crystal Palace,Brentford
https://fbref.com/en/matches/1aa68cba/Nottingham-Forest-Manchester-United-December-30-2023-Premier-League,Nott'ham Forest,Manchester Utd
https://fbref.com/en/matches/3ab71352/Tottenham-Hotspur-Bournemouth-December-31-2023-Premier-League,Tottenham,Bournemouth
https://fbref.com/en/matches/6c1b6ffc/Fulham-Arsenal-December-31-2023-Premier-League,Fulham,Arsenal
https://fbref.com/en/matches/107b2d79/Liverpool-Newcastle-United-January-1-2024-Premier-League,Liverpool,Newcastle Utd
https://fbref.com/en/matches/d557afd0/West-Ham-United-Brighton-and-Hove-Albion-January-2-2024-Premier-League,West Ham,Brighton
https://fbref.com/en/matches/d62dd931/Burnley-Luton-Town-January-12-2024-Premier-League,Burnley,Luton Town
https://fbref.com/en/matches/dd052c34/Chelsea-Fulham-January-13-2024-Premier-League,Chelsea,Fulham
https://fbref.com/en/matches/738f8c3e/Newcastle-United-Manchester-City-January-13-2024-Premier-League,Newcastle Utd,Manchester City
https://fbref.com/en/matches/1628c63e/Everton-Aston-Villa-January-14-2024-Premier-League,Everton,Aston Villa
https://fbref.com/en/matches/904ed2f9/Manchester-United-Tottenham-Hotspur-January-14-2024-Premier-League,Manchester Utd,Tottenham
https://fbref.com/en/matches/006fb5b5/Arsenal-Crystal-Palace-January-20-2024-Premier-League,Arsenal,Crystal Palace
https://fbref.com/en/matches/e0a9c631/Brentford-Nottingham-Forest-January-20-2024-Premier-League,Brentford,Nott'ham Forest
https://fbref.com/en/matches/abd525b4/Sheffield-United-West-Ham-United-January-21-2024-Premier-League,Sheffield Utd,West Ham
https://fbref.com/en/matches/9a03e25c/Bournemouth-Liverpool-January-21-2024-Premier-League,Bournemouth,Liverpool
https://fbref.com/en/matches/35fb5bc2/Brighton-and-Hove-Albion-Wolverhampton-Wanderers-January-22-2024-Premier-League,Brighton,Wolves
https://fbref.com/en/matches/20a16b44/Nottingham-Forest-Arsenal-January-30-2024-Premier-League,Nott'ham Forest,Arsenal
https://fbref.com/en/matches/17d24e01/Fulham-Everton-January-30-2024-Premier-League,Fulham,Everton
https://fbref.com/en/matches/381f12be/Luton-Town-Brighton-and-Hove-Albion-January-30-2024-Premier-League,Luton Town,Brighton
https://fbref.com/en/matches/9f51ce03/Crystal-Palace-Sheffield-United-January-30-2024-Premier-League,Crystal Palace,Sheffield Utd
https://fbref.com/en/matches/d8679e54/Aston-Villa-Newcastle-United-January-30-2024-Premier-League,Aston Villa,Newcastle Utd
https://fbref.com/en/matches/79ffec97/Tottenham-Hotspur-Brentford-January-31-2024-Premier-League,Tottenham,Brentford
https://fbref.com/en/matches/d10aaae8/Manchester-City-Burnley-January-31-2024-Premier-League,Manchester City,Burnley
https://fbref.com/en/matches/1836d9bd/Liverpool-Chelsea-January-31-2024-Premier-League,Liverpool,Chelsea
https://fbref.com/en/matches/16dc9951/West-Ham-United-Bournemouth-February-1-2024-Premier-League,West Ham,Bournemouth
https://fbref.com/en/matches/457203bc/Wolverhampton-Wanderers-Manchester-United-February-1-2024-Premier-League,Wolves,Manchester Utd
https://fbref.com/en/matches/fd68d50e/Everton-Tottenham-Hotspur-February-3-2024-Premier-League,Everton,Tottenham
https://fbref.com/en/matches/67cb7a4e/Newcastle-United-Luton-Town-February-3-2024-Premier-League,Newcastle Utd,Luton Town
https://fbref.com/en/matches/689d15cf/Brighton-and-Hove-Albion-Crystal-Palace-February-3-2024-Premier-League,Brighton,Crystal Palace
https://fbref.com/en/matches/a2436e30/Burnley-Fulham-February-3-2024-Premier-League,Burnley,Fulham
https://fbref.com/en/matches/b3e195c5/Sheffield-United-Aston-Villa-February-3-2024-Premier-League,Sheffield Utd,Aston Villa
https://fbref.com/en/matches/29948898/Bournemouth-Nottingham-Forest-February-4-2024-Premier-League,Bournemouth,Nott'ham Forest
https://fbref.com/en/matches/dc1428be/Manchester-United-West-Ham-United-February-4-2024-Premier-League,Manchester Utd,West Ham
https://fbref.com/en/matches/dfde4bd7/Chelsea-Wolverhampton-Wanderers-February-4-2024-Premier-League,Chelsea,Wolves
https://fbref.com/en/matches/99020abf/Arsenal-Liverpool-February-4-2024-Premier-League,Arsenal,Liverpool
https://fbref.com/en/matches/2b3630b6/Brentford-Manchester-City-February-5-2024-Premier-League,Brentford,Manchester City
https://fbref.com/en/matches/00ea7906/Manchester-City-Everton-February-10-2024-Premier-League,Manchester City,Everton
https://fbref.com/en/matches/1a4e7d02/Luton-Town-Sheffield-United-February-10-2024-Premier-League,Luton Town,Sheffield Utd
https://fbref.com/en/matches/29e4d6ac/Liverpool-Burnley-February-10-2024-Premier-League,Liverpool,Burnley
https://fbref.com/en/matches/922cd256/Wolverhampton-Wanderers-Brentford-February-10-2024-Premier-League,Wolves,Brentford
https://fbref.com/en/matches/bf9e0d20/Fulham-Bournemouth-February-10-2024-Premier-League,Fulham,Bournemouth
https://fbref.com/en/matches/c0dfccdf/Tottenham-Hotspur-Brighton-and-Hove-Albion-February-10-2024-Premier-League,Tottenham,Brighton
https://fbref.com/en/matches/1c53666a/Nottingham-Forest-Newcastle-United-February-10-2024-Premier-League,Nott'ham Forest,Newcastle Utd
https://fbref.com/en/matches/a1da23dc/West-Ham-United-Arsenal-February-11-2024-Premier-League,West Ham,Arsenal
https://fbref.com/en/matches/fd36479b/Aston-Villa-Manchester-United-February-11-2024-Premier-League,Aston Villa,Manchester Utd
https://fbref.com/en/matches/1206b952/Crystal-Palace-Chelsea-February-12-2024-Premier-League,Crystal Palace,Chelsea
https://fbref.com/en/matches/ca1e26a0/Brentford-Liverpool-February-17-2024-Premier-League,Brentford,Liverpool
https://fbref.com/en/matches/083c4444/Newcastle-United-Bournemouth-February-17-2024-Premier-League,Newcastle Utd,Bournemouth
https://fbref.com/en/matches/30193251/Tottenham-Hotspur-Wolverhampton-Wanderers-February-17-2024-Premier-League,Tottenham,Wolves
https://fbref.com/en/matches/59631171/Burnley-Arsenal-February-17-2024-Premier-League,Burnley,Arsenal
https://fbref.com/en/matches/796ff9f0/Fulham-Aston-Villa-February-17-2024-Premier-League,Fulham,Aston Villa
https://fbref.com/en/matches/d657db47/Nottingham-Forest-West-Ham-United-February-17-2024-Premier-League,Nott'ham Forest,West Ham
https://fbref.com/en/matches/78fb7fc2/Manchester-City-Chelsea-February-17-2024-Premier-League,Manchester City,Chelsea
https://fbref.com/en/matches/811fa03f/Sheffield-United-Brighton-and-Hove-Albion-February-18-2024-Premier-League,Sheffield Utd,Brighton
https://fbref.com/en/matches/49523b04/Luton-Town-Manchester-United-February-18-2024-Premier-League,Luton Town,Manchester Utd
https://fbref.com/en/matches/573f2f77/Everton-Crystal-Palace-February-19-2024-Premier-League,Everton,Crystal Palace
https://fbref.com/en/matches/af88a1aa/Manchester-City-Brentford-February-20-2024-Premier-League,Manchester City,Brentford
https://fbref.com/en/matches/58636a1e/Liverpool-Luton-Town-February-21-2024-Premier-League,Liverpool,Luton Town
https://fbref.com/en/matches/45f67948/Manchester-United-Fulham-February-24-2024-Premier-League,Manchester Utd,Fulham
https://fbref.com/en/matches/89cd2d5e/Crystal-Palace-Burnley-February-24-2024-Premier-League,Crystal Palace,Burnley
https://fbref.com/en/matches/eb7c6993/Brighton-and-Hove-Albion-Everton-February-24-2024-Premier-League,Brighton,Everton
https://fbref.com/en/matches/f61fbe36/Aston-Villa-Nottingham-Forest-February-24-2024-Premier-League,Aston Villa,Nott'ham Forest
https://fbref.com/en/matches/f6d6a212/Bournemouth-Manchester-City-February-24-2024-Premier-League,Bournemouth,Manchester City
https://fbref.com/en/matches/8f922133/Arsenal-Newcastle-United-February-24-2024-Premier-League,Arsenal,Newcastle Utd
https://fbref.com/en/matches/ada09dda/Wolverhampton-Wanderers-Sheffield-United-February-25-2024-Premier-League,Wolves,Sheffield Utd
https://fbref.com/en/matches/15a04102/West-Ham-United-Brentford-February-26-2024-Premier-League,West Ham,Brentford
https://fbref.com/en/matches/20278247/Fulham-Brighton-and-Hove-Albion-March-2-2024-Premier-League,Fulham,Brighton
https://fbref.com/en/matches/8812bfd9/Tottenham-Hotspur-Crystal-Palace-March-2-2024-Premier-League,Tottenham,Crystal Palace
https://fbref.com/en/matches/ba1992b0/Brentford-Chelsea-March-2-2024-Premier-League,Brentford,Chelsea
https://fbref.com/en/matches/bbae8356/Newcastle-United-Wolverhampton-Wanderers-March-2-2024-Premier-League,Newcastle Utd,Wolves
https://fbref.com/en/matches/d1a00cf0/Nottingham-Forest-Liverpool-March-2-2024-Premier-League,Nott'ham Forest,Liverpool
https://fbref.com/en/matches/e9183936/Everton-West-Ham-United-March-2-2024-Premier-League,Everton,West Ham
https://fbref.com/en/matches/59f4adc0/Luton-Town-Aston-Villa-March-2-2024-Premier-League,Luton Town,Aston Villa
https://fbref.com/en/matches/f7674d8b/Burnley-Bournemouth-March-3-2024-Premier-League,Burnley,Bournemouth
https://fbref.com/en/matches/615eff06/Manchester-Derby-Manchester-City-Manchester-United-March-3-2024-Premier-League,Manchester City,Manchester Utd
https://fbref.com/en/matches/2eca8900/Sheffield-United-Arsenal-March-4-2024-Premier-League,Sheffield Utd,Arsenal
https://fbref.com/en/matches/fede7f6e/Manchester-United-Everton-March-9-2024-Premier-League,Manchester Utd,Everton
https://fbref.com/en/matches/81b6715a/Bournemouth-Sheffield-United-March-9-2024-Premier-League,Bournemouth,Sheffield Utd
https://fbref.com/en/matches/b606cbde/Wolverhampton-Wanderers-Fulham-March-9-2024-Premier-League,Wolves,Fulham
https://fbref.com/en/matches/fd693c8e/Crystal-Palace-Luton-Town-March-9-2024-Premier-League,Crystal Palace,Luton Town
https://fbref.com/en/matches/0e9002ec/Arsenal-Brentford-March-9-2024-Premier-League,Arsenal,Brentford
https://fbref.com/en/matches/a32a7069/Aston-Villa-Tottenham-Hotspur-March-10-2024-Premier-League,Aston Villa,Tottenham
https://fbref.com/en/matches/9ef133d6/West-Ham-United-Burnley-March-10-2024-Premier-League,West Ham,Burnley
https://fbref.com/en/matches/f17d9ccd/Brighton-and-Hove-Albion-Nottingham-Forest-March-10-2024-Premier-League,Brighton,Nott'ham Forest
https://fbref.com/en/matches/96da3e29/Liverpool-Manchester-City-March-10-2024-Premier-League,Liverpool,Manchester City
https://fbref.com/en/matches/d4b4c06f/Chelsea-Newcastle-United-March-11-2024-Premier-League,Chelsea,Newcastle Utd
https://fbref.com/en/matches/a32a8157/Bournemouth-Luton-Town-March-13-2024-Premier-League,Bournemouth,Luton Town
https://fbref.com/en/matches/76d09384/Luton-Town-Nottingham-Forest-March-16-2024-Premier-League,Luton Town,Nott'ham Forest
https://fbref.com/en/matches/b280b66a/Burnley-Brentford-March-16-2024-Premier-League,Burnley,Brentford
https://fbref.com/en/matches/8a009cc4/Fulham-Tottenham-Hotspur-March-16-2024-Premier-League,Fulham,Tottenham
https://fbref.com/en/matches/fc356c59/West-Ham-United-Aston-Villa-March-17-2024-Premier-League,West Ham,Aston Villa
https://fbref.com/en/matches/10600f89/Newcastle-United-West-Ham-United-March-30-2024-Premier-League,Newcastle Utd,West Ham
https://fbref.com/en/matches/0eaaf0ab/Bournemouth-Everton-March-30-2024-Premier-League,Bournemouth,Everton
https://fbref.com/en/matches/6397e2af/Tottenham-Hotspur-Luton-Town-March-30-2024-Premier-League,Tottenham,Luton Town
https://fbref.com/en/matches/791fc95a/Nottingham-Forest-Crystal-Palace-March-30-2024-Premier-League,Nott'ham Forest,Crystal Palace
https://fbref.com/en/matches/ad4a1302/Sheffield-United-Fulham-March-30-2024-Premier-League,Sheffield Utd,Fulham
https://fbref.com/en/matches/e68ec2a9/Chelsea-Burnley-March-30-2024-Premier-League,Chelsea,Burnley
https://fbref.com/en/matches/5f218b76/Aston-Villa-Wolverhampton-Wanderers-March-30-2024-Premier-League,Aston Villa,Wolves
https://fbref.com/en/matches/43a07892/Brentford-Manchester-United-March-30-2024-Premier-League,Brentford,Manchester Utd
https://fbref.com/en/matches/b763b73e/Liverpool-Brighton-and-Hove-Albion-March-31-2024-Premier-League,Liverpool,Brighton
https://fbref.com/en/matches/76b4b194/Manchester-City-Arsenal-March-31-2024-Premier-League,Manchester City,Arsenal
https://fbref.com/en/matches/52846bc3/Newcastle-United-Everton-April-2-2024-Premier-League,Newcastle Utd,Everton
https://fbref.com/en/matches/55996670/Nottingham-Forest-Fulham-April-2-2024-Premier-League,Nott'ham Forest,Fulham
https://fbref.com/en/matches/1ef36f8d/Bournemouth-Crystal-Palace-April-2-2024-Premier-League,Bournemouth,Crystal Palace
https://fbref.com/en/matches/feadec6f/Burnley-Wolverhampton-Wanderers-April-2-2024-Premier-League,Burnley,Wolves
https://fbref.com/en/matches/2600ff86/West-Ham-United-Tottenham-Hotspur-April-2-2024-Premier-League,West Ham,Tottenham
https://fbref.com/en/matches/77d7e2d6/Arsenal-Luton-Town-April-3-2024-Premier-League,Arsenal,Luton Town
https://fbref.com/en/matches/8ec55f05/Brentford-Brighton-and-Hove-Albion-April-3-2024-Premier-League,Brentford,Brighton
https://fbref.com/en/matches/ae3ba8e8/Manchester-City-Aston-Villa-April-3-2024-Premier-League,Manchester City,Aston Villa
https://fbref.com/en/matches/1f5973e2/Liverpool-Sheffield-United-April-4-2024-Premier-League,Liverpool,Sheffield Utd
https://fbref.com/en/matches/c6079c2f/Chelsea-Manchester-United-April-4-2024-Premier-League,Chelsea,Manchester Utd
https://fbref.com/en/matches/fca82852/Crystal-Palace-Manchester-City-April-6-2024-Premier-League,Crystal Palace,Manchester City
https://fbref.com/en/matches/08114c35/Luton-Town-Bournemouth-April-6-2024-Premier-League,Luton Town,Bournemouth
https://fbref.com/en/matches/4f0b227b/Wolverhampton-Wanderers-West-Ham-United-April-6-2024-Premier-League,Wolves,West Ham
https://fbref.com/en/matches/a9d2819f/Fulham-Newcastle-United-April-6-2024-Premier-League,Fulham,Newcastle Utd
https://fbref.com/en/matches/cc7efb48/Everton-Burnley-April-6-2024-Premier-League,Everton,Burnley
https://fbref.com/en/matches/e8f307a3/Aston-Villa-Brentford-April-6-2024-Premier-League,Aston Villa,Brentford
https://fbref.com/en/matches/2047cc32/Brighton-and-Hove-Albion-Arsenal-April-6-2024-Premier-League,Brighton,Arsenal
https://fbref.com/en/matches/d57ffe1a/North-West-Derby-Manchester-United-Liverpool-April-7-2024-Premier-League,Manchester Utd,Liverpool
https://fbref.com/en/matches/d3850c26/Sheffield-United-Chelsea-April-7-2024-Premier-League,Sheffield Utd,Chelsea
https://fbref.com/en/matches/7598049f/Tottenham-Hotspur-Nottingham-Forest-April-7-2024-Premier-League,Tottenham,Nott'ham Forest
https://fbref.com/en/matches/50db3243/Newcastle-United-Tottenham-Hotspur-April-13-2024-Premier-League,Newcastle Utd,Tottenham
https://fbref.com/en/matches/40128bc4/Manchester-City-Luton-Town-April-13-2024-Premier-League,Manchester City,Luton Town
https://fbref.com/en/matches/4460b6c5/Nottingham-Forest-Wolverhampton-Wanderers-April-13-2024-Premier-League,Nott'ham Forest,Wolves
https://fbref.com/en/matches/4a4d2976/Brentford-Sheffield-United-April-13-2024-Premier-League,Brentford,Sheffield Utd
https://fbref.com/en/matches/c9ab1f95/Burnley-Brighton-and-Hove-Albion-April-13-2024-Premier-League,Burnley,Brighton
https://fbref.com/en/matches/32a8be36/Bournemouth-Manchester-United-April-13-2024-Premier-League,Bournemouth,Manchester Utd
https://fbref.com/en/matches/99113ef3/Liverpool-Crystal-Palace-April-14-2024-Premier-League,Liverpool,Crystal Palace
https://fbref.com/en/matches/bd62891f/West-Ham-United-Fulham-April-14-2024-Premier-League,West Ham,Fulham
https://fbref.com/en/matches/c1739ced/Arsenal-Aston-Villa-April-14-2024-Premier-League,Arsenal,Aston Villa
https://fbref.com/en/matches/1a41ac25/Chelsea-Everton-April-15-2024-Premier-League,Chelsea,Everton
https://fbref.com/en/matches/c98abeb4/Luton-Town-Brentford-April-20-2024-Premier-League,Luton Town,Brentford
https://fbref.com/en/matches/ee8223ec/Sheffield-United-Burnley-April-20-2024-Premier-League,Sheffield Utd,Burnley
https://fbref.com/en/matches/22881ea2/Wolverhampton-Wanderers-Arsenal-April-20-2024-Premier-League,Wolves,Arsenal
https://fbref.com/en/matches/3025d010/Everton-Nottingham-Forest-April-21-2024-Premier-League,Everton,Nott'ham Forest
https://fbref.com/en/matches/6236de96/Aston-Villa-Bournemouth-April-21-2024-Premier-League,Aston Villa,Bournemouth
https://fbref.com/en/matches/6ef6966a/Crystal-Palace-West-Ham-United-April-21-2024-Premier-League,Crystal Palace,West Ham
https://fbref.com/en/matches/9dcb5084/Fulham-Liverpool-April-21-2024-Premier-League,Fulham,Liverpool
https://fbref.com/en/matches/3435dfcc/North-West-London-Derby-Arsenal-Chelsea-April-23-2024-Premier-League,Arsenal,Chelsea
https://fbref.com/en/matches/2e209def/Wolverhampton-Wanderers-Bournemouth-April-24-2024-Premier-League,Wolves,Bournemouth
https://fbref.com/en/matches/70770e72/Manchester-United-Sheffield-United-April-24-2024-Premier-League,Manchester Utd,Sheffield Utd
https://fbref.com/en/matches/971e0a29/Merseyside-Derby-Everton-Liverpool-April-24-2024-Premier-League,Everton,Liverpool
https://fbref.com/en/matches/ee21eba2/Crystal-Palace-Newcastle-United-April-24-2024-Premier-League,Crystal Palace,Newcastle Utd
https://fbref.com/en/matches/45bb8cac/Brighton-and-Hove-Albion-Manchester-City-April-25-2024-Premier-League,Brighton,Manchester City
https://fbref.com/en/matches/ba04d7d8/West-Ham-United-Liverpool-April-27-2024-Premier-League,West Ham,Liverpool
https://fbref.com/en/matches/55d68500/Wolverhampton-Wanderers-Luton-Town-April-27-2024-Premier-League,Wolves,Luton Town
https://fbref.com/en/matches/9fe4ec6e/Fulham-Crystal-Palace-April-27-2024-Premier-League,Fulham,Crystal Palace
https://fbref.com/en/matches/e8eb637d/Manchester-United-Burnley-April-27-2024-Premier-League,Manchester Utd,Burnley
https://fbref.com/en/matches/e92d40be/Newcastle-United-Sheffield-United-April-27-2024-Premier-League,Newcastle Utd,Sheffield Utd
https://fbref.com/en/matches/c813a2ae/Everton-Brentford-April-27-2024-Premier-League,Everton,Brentford
https://fbref.com/en/matches/a88dc35f/Aston-Villa-Chelsea-April-27-2024-Premier-League,Aston Villa,Chelsea
https://fbref.com/en/matches/d98c9a99/North-London-Derby-Tottenham-Hotspur-Arsenal-April-28-2024-Premier-League,Tottenham,Arsenal
https://fbref.com/en/matches/fa3c7491/Bournemouth-Brighton-and-Hove-Albion-April-28-2024-Premier-League,Bournemouth,Brighton
https://fbref.com/en/matches/80bbb25e/Nottingham-Forest-Manchester-City-April-28-2024-Premier-League,Nott'ham Forest,Manchester City
https://fbref.com/en/matches/6b489131/Chelsea-Tottenham-Hotspur-May-2-2024-Premier-League,Chelsea,Tottenham
https://fbref.com/en/matches/76d10c7d/Luton-Town-Everton-May-3-2024-Premier-League,Luton Town,Everton
https://fbref.com/en/matches/00bcfc31/Arsenal-Bournemouth-May-4-2024-Premier-League,Arsenal,Bournemouth
https://fbref.com/en/matches/070bf86d/Burnley-Newcastle-United-May-4-2024-Premier-League,Burnley,Newcastle Utd
https://fbref.com/en/matches/91a2da3b/Sheffield-United-Nottingham-Forest-May-4-2024-Premier-League,Sheffield Utd,Nott'ham Forest
https://fbref.com/en/matches/a388fc69/Brentford-Fulham-May-4-2024-Premier-League,Brentford,Fulham
https://fbref.com/en/matches/5a9032bf/Manchester-City-Wolverhampton-Wanderers-May-4-2024-Premier-League,Manchester City,Wolves
https://fbref.com/en/matches/5d5f6155/Brighton-and-Hove-Albion-Aston-Villa-May-5-2024-Premier-League,Brighton,Aston Villa
https://fbref.com/en/matches/f8a0189a/Chelsea-West-Ham-United-May-5-2024-Premier-League,Chelsea,West Ham
https://fbref.com/en/matches/08341569/Liverpool-Tottenham-Hotspur-May-5-2024-Premier-League,Liverpool,Tottenham
https://fbref.com/en/matches/8c4bf9e7/Crystal-Palace-Manchester-United-May-6-2024-Premier-League,Crystal Palace,Manchester Utd
https://fbref.com/en/matches/4e211d29/Fulham-Manchester-City-May-11-2024-Premier-League,Fulham,Manchester City
https://fbref.com/en/matches/16d5b6aa/Wolverhampton-Wanderers-Crystal-Palace-May-11-2024-Premier-League,Wolves,Crystal Palace
https://fbref.com/en/matches/17e9dbbf/West-Ham-United-Luton-Town-May-11-2024-Premier-League,West Ham,Luton Town
https://fbref.com/en/matches/45c36efd/Tottenham-Hotspur-Burnley-May-11-2024-Premier-League,Tottenham,Burnley
https://fbref.com/en/matches/482e6ce4/Everton-Sheffield-United-May-11-2024-Premier-League,Everton,Sheffield Utd
https://fbref.com/en/matches/6dbd7d72/Newcastle-United-Brighton-and-Hove-Albion-May-11-2024-Premier-League,Newcastle Utd,Brighton
https://fbref.com/en/matches/e7b6ebb6/Bournemouth-Brentford-May-11-2024-Premier-League,Bournemouth,Brentford
https://fbref.com/en/matches/384547b8/Nottingham-Forest-Chelsea-May-11-2024-Premier-League,Nott'ham Forest,Chelsea
https://fbref.com/en/matches/ab9827f2/Manchester-United-Arsenal-May-12-2024-Premier-League,Manchester Utd,Arsenal
https://fbref.com/en/matches/72c0709d/Aston-Villa-Liverpool-May-13-2024-Premier-League,Aston Villa,Liverpool
https://fbref.com/en/matches/2ba17e6d/Tottenham-Hotspur-Manchester-City-May-14-2024-Premier-League,Tottenham,Manchester City
https://fbref.com/en/matches/b42b7907/Brighton-and-Hove-Albion-Chelsea-May-15-2024-Premier-League,Brighton,Chelsea
https://fbref.com/en/matches/e43e8597/Manchester-United-Newcastle-United-May-15-2024-Premier-League,Manchester Utd,Newcastle Utd
https://fbref.com/en/matches/0fde9d70/Luton-Town-Fulham-May-19-2024-Premier-League,Luton Town,Fulham
https://fbref.com/en/matches/273a89b4/Sheffield-United-Tottenham-Hotspur-May-19-2024-Premier-League,Sheffield Utd,Tottenham
https://fbref.com/en/matches/29335211/Manchester-City-West-Ham-United-May-19-2024-Premier-League,Manchester City,West Ham
https://fbref.com/en/matches/3e33bd98/Arsenal-Everton-May-19-2024-Premier-League,Arsenal,Everton
https://fbref.com/en/matches/47ecdc19/Brighton-and-Hove-Albion-Manchester-United-May-19-2024-Premier-League,Brighton,Manchester Utd
https://fbref.com/en/matches/546e1a3d/Brentford-Newcastle-United-May-19-2024-Premier-League,Brentford,Newcastle Utd
https://fbref.com/en/matches/7c034003/Chelsea-Bournemouth-May-19-2024-Premier-League,Chelsea,Bournemouth
https://fbref.com/en/matches/c975c7a6/Crystal-Palace-Aston-Villa-May-19-2024-Premier-League,Crystal Palace,Aston Villa
https://fbref.com/en/matches/d4823ed5/Liverpool-Wolverhampton-Wanderers-May-19-2024-Premier-League,Liverpool,Wolves
https://fbref.com/en/matches/dafb05fe/Burnley-Nottingham-Forest-May-19-2024-Premier-League,Burnley,Nott'ham Forest
